header	subtype	rt_first_aa	rt_last_aa	panel_mutation_positions	panel_mutation_texts	all_rt_mutations	warnings
OK624600.1 HIV-1 isolate UGA-INF-2017-CPH-0152 from Uganda pol protein (pol) and gag protein (gag) genes, partial cds	A1	1	252	215	T215TA	E6D,V35T,T39N,E40D,K49R,V60I,T69TN,K122E,D123S,I135T,S162C,E169D,K173A,Q174K,D177E,I178M,V179T,T200A,Q207E,R211K,T215TA,V245M,D250E	
OK624599.1 HIV-1 isolate UGA-INF-2017-CPH-0437 from Uganda pol protein (pol) and gag protein (gag) genes, partial cds	C	1	253	103	K103N	V35T,K49R,K103N,K122E,D123N,A158S,K173T,D177E,T200A,Q207E,R211K,V245K,D250E	
OK624598.1 HIV-1 isolate UGA-INF-2017-CPH-0425 from Uganda pol protein (pol) and gag protein (gag) genes, partial cds	A1	1	252			V8I,K11T,K20R,V21I,V35T,T39N,V60I,K122E,D123N,K173S,D177G,I202V,Q207A,R211S,V245Q,E248D	
OK624597.1 HIV-1 isolate UGA-INF-2017-CPH-0374 from Uganda pol protein (pol) and gag protein (gag) genes, partial cds	A1	1	252	103	K103N	P4H,K11S,K20R,V21I,K32I,V35T,T39K,V60I,K103N,S162C,K173L,Q174K,D177E,Q207E,R211S,V245Q,E248D,D250E	
OK624596.1 HIV-1 isolate UGA-INF-2017-CPH-0422 from Uganda pol protein (pol) and gag protein (gag) genes, partial cds	D	1	252			K20R,V35T,T39K,K49R,V60I,I142V,D177E,T200I,Q207E,R211K,V245N,D250E	
OK624595.1 HIV-1 isolate UGA-INF-2017-CPH-0452 from Uganda pol protein (pol) and gag protein (gag) genes, partial cds	D	1	252	65	K65R	P4S,V35T,V60I,K65R,D121Y,T165I,D177E,I178M,T200E,E204K,Q207E,G213E,V245T,E248EK,S251D	
OK624594.1 HIV-1 isolate UGA-INF-2017-CPH-0136 from Uganda pol protein (pol) and gag protein (gag) genes, partial cds	A1	1	252	215	T215TS	K20R,V35T,E44D,V60I,K102Q,K122E,D123S,K173S,Q174K,D177E,V179I,T200A,I202V,Q207D,R211K,T215TS,D250E	
OK624593.1 HIV-1 isolate UGA-INF-2017-CPH-0462 from Uganda pol protein (pol) and gag protein (gag) genes, partial cds	A1	1	252			V35T,V60I,S68G,E79D,A98G,K122E,D123N,I142V,K173S,Q174K,D177E,V179I,G196E,Q197E,Q207A,R211S,D237N,V245Q,E248D,D250E,S251H	
OK624592.1 HIV-1 isolate UGA-INF-2017-CPH-0455 from Uganda pol protein (pol) and gag protein (gag) genes, partial cds	A1	1	252	103	K103N	K11T,K20R,V21I,V35T,T39N,E40D,E44D,K103N,D121Y,K122E,D123E,K173A,Q174K,D177E,V179I,Q207A,R211K,F214L,V245Q,E248D	
OK624591.1 HIV-1 isolate UGA-INF-2017-CPH-0277 from Uganda pol protein (pol) and gag protein (gag) genes, partial cds	D	1	252	108	V108VI	E6D,K20R,V35T,T39M,E40D,K49R,V60I,V108VI,K122S,D123E,D177E,E204N,Q207E,R211K,P243T,V245Q	
OK624590.1 HIV-1 isolate UGA-INF-2017-CPH-0290 from Uganda pol protein (pol) and gag protein (gag) genes, partial cds	A1	1	253	101,138	K101E,E138G	T27S,V35T,K101E,D121Y,K122E,I135T,E138G,K173S,Q174K,V179I,T200A,Q207D,R211K,V245Q	
OK624589.1 HIV-1 isolate UGA-INF-2017-CPH-0239 from Uganda pol protein (pol) and gag protein (gag) genes, partial cds	A1	1	252			K20R,V35T,E40D,V60I,K122E,D123S,I135T,K173S,Q174K,D177E,T200I,Q207E,R211K,F214L,V245E,D250E	
OK624588.1 HIV-1 isolate UGA-INF-2017-CPH-0451 from Uganda pol protein (pol) and gag protein (gag) genes, partial cds	B	1	252			K20R,V35T,K49R,K122E,K173S,N175H,I178V,T200A,E204K,Q207D,R211S,V245Q	
OK624587.1 HIV-1 isolate UGA-INF-2017-CPH-0429 from Uganda pol protein (pol) and gag protein (gag) genes, partial cds	A1	1	252			V21I,V35T,T39E,S48T,K122E,D123N,K173L,D177E,I178L,V179I,T200A,Q207A,V245Q,E248D,D250E,S251D	
OK624586.1 HIV-1 isolate UGA-INF-2017-CPH-0472 from Uganda pol protein (pol) and gag protein (gag) genes, partial cds	D	1	252	103	K103N	V35T,V60I,K103N,I142V,T165I,D177E,I178M,T200I,Q207E,R211K,V245K,D250E	
OK624585.1 HIV-1 isolate UGA-INF-2017-CPH-0295 from Uganda pol protein (pol) and gag protein (gag) genes, partial cds	D	1	252			V8I,K11T,V35I,K49R,V60I,D121HY,K122E,I135T,I142V,Q174R,D177E,T200I,Q207E,R211K,V245Q,E248D	
OK624584.1 HIV-1 isolate UGA-INF-2017-CPH-0278 from Uganda pol protein (pol) and gag protein (gag) genes, partial cds	A1	1	252	103	K103N	E6EK,K20R,V21I,V35T,T39K,K43Q,V60I,K103N,K122E,K173S,Q174K,D177E,V179I,G196E,T200A,Q207A,R211S,V245Q,E248D	
OK624583.1 HIV-1 isolate UGA-INF-2017-CPH-0465 from Uganda pol protein (pol) and gag protein (gag) genes, partial cds	C	1	252			V21I,V35T,T39I,K49R,V60I,D121Y,K122E,K173N,Q174K,D177E,T200I,Q207E,R211K,V245K	
OK624582.1 HIV-1 isolate UGA-INF-2017-CPH-0439 from Uganda pol protein (pol) gene, partial cds; and nonfunctional gag protein (gag) gene, partial sequence	A1	1	252			P4S,V8I,K20R,V21I,V35T,T39EG,V60I,K122E,D123N,I135T,K173S,Q174K,D177E,V179I,Q207E,R211K,V245Q,E248D,D250S	
OK624581.1 HIV-1 isolate UGA-INF-2017-CPH-0479 from Uganda pol protein (pol) gene, partial cds; and nonfunctional gag protein (gag) gene, partial sequence	A1	1	252			E6D,V35I,E44D,K49R,K122E,D123S,I135T,K173S,Q174K,D177E,V179I,I202V,Q207D,R211K,V245E,D250E	
OK624580.1 HIV-1 isolate UGA-INF-2017-CPH-0416 from Uganda pol protein (pol) and gag protein (gag) genes, partial cds	A1	1	252			P4H,K20R,V21I,V35T,T39G,K122E,K173S,Q174K,V179I,T200A,I202V,Q207A,R211N,V245E,D250E	
OK624579.1 HIV-1 isolate UGA-INF-2017-CPH-0436 from Uganda pol protein (pol) and gag protein (gag) genes, partial cds	A1	1	252	138	E138A	E6N,V35T,T39M,V60I,K64R,K122E,I135T,E138A,K173S,Q174K,D177E,Q207A,R211S,V245Q,D250E	
OK624578.1 HIV-1 isolate UGA-INF-2017-CPH-0432 from Uganda pol protein (pol) and gag protein (gag) genes, partial cds	D	1	252			V35T,K49R,V60I,D121Y,K122E,I159V,D177E,I178M,T200I,Q207QE,R211K,D250E	
OK624577.1 HIV-1 isolate UGA-INF-2017-CPH-0404 from Uganda pol protein (pol) and gag protein (gag) genes, partial cds	A1 + D	1	252			V35T,T39K,V60I,D121Y,K122E,I142IV,S162A,D177E,Q207E,R211K,V245K,D250E	
OK624576.1 HIV-1 isolate UGA-INF-2017-CPH-0057 from Uganda pol protein (pol) and gag protein (gag) genes, partial cds	A1	1	252			E6N,K11R,K20R,V21I,V35T,T39K,V60I,K122E,I142V,K173S,D177E,V179I,T200A,I202V,Q207A,R211S,E248D,K249R	
OK624575.1 HIV-1 isolate UGA-INF-2017-CPH-0458 from Uganda pol protein (pol) gene, partial cds; and nonfunctional gag protein (gag) gene, partial sequence	B	1	252			E6EK,V35T,T39L,V60I,K122E,D123E,D177E,T200A,Q207E,R211K,E248N	
OK624574.1 HIV-1 isolate UGA-INF-2017-CPH-0481 from Uganda pol protein (pol) and gag protein (gag) genes, partial cds	C	1	252	106,138,190	V106M,E138A,G190A	V35T,E36A,T39E,E40D,S48T,V75L,V106M,K122E,D123S,E138A,S162C,K173A,D177E,G190A,L193F,I195L,T200A,Q207E,R211K,Y232H,V245Q,S251N	
OK624573.1 HIV-1 isolate UGA-INF-2017-CPH-0183 from Uganda pol protein (pol) gene, partial cds; and nonfunctional gag protein (gag) gene, partial sequence	A1	1	252			K20R,V21I,V35T,T39K,E40Q,K43E,I50V,V60I,K122E,D123S,K166KR,K173S,D177E,V179I,T200A,Q207A,R211S,V245Q	
OK624572.1 HIV-1 isolate UGA-INF-2017-CPH-0348 from Uganda pol protein (pol) and gag protein (gag) genes, partial cds	A1	1	252	190	G190A	E6D,K32R,V35T,E44D,S68G,K122A,S162H,K173S,Q174R,D177E,I178M,G190A,T200A,K201R,Q207E,R211K,V245T,E248D,D250E	
OK624571.1 HIV-1 isolate UGA-INF-2017-CPH-0450 from Uganda pol protein (pol) and gag protein (gag) genes, partial cds	D	1	252			V35T,E36D,T39K,K49R,V60I,D121Y,K122E,I135T,S162C,D177E,Q207G,V245I,D250E,S251N	
OK624570.1 HIV-1 isolate UGA-INF-2017-CPH-0430 from Uganda pol protein (pol) gene, partial cds; and nonfunctional gag protein (gag) gene, partial sequence	A6 + B	1	252	138	E138A	V35T,T39M,E40EK,V60I,K122E,D123N,I135T,E138A,I142V,D177E,I178V,Q207E,V245K,D250E	
OK624569.1 HIV-1 isolate UGA-INF-2017-CPH-0446 from Uganda pol protein (pol) and gag protein (gag) genes, partial cds	A1	1	252			V35K,V60I,K122E,D123S,I135T,K173S,Q174K,D177E,T200A,Q207E,R211S,F214L,V245E,D250E	
OK624568.1 HIV-1 isolate UGA-INF-2017-CPH-0424 from Uganda pol protein (pol) and gag protein (gag) genes, partial cds	D	1	252	103,181	K103N,Y181C	V35T,V60I,K103N,I135M,D177E,I178M,Y181C,T200I,Q207G,R211K,V245M,E248D,W252X	The RT gene has a frameshift: 252del1bp.
OK624567.1 HIV-1 isolate UGA-INF-2017-CPH-0391 from Uganda pol protein (pol) and gag protein (gag) genes, partial cds	D	1	252	74,103,181,190	L74V,K103N,Y181C,G190A	K11Q,K20R,V35T,E40ED,K46Q,K49R,V60I,L74V,K103N,K122E,D123N,T139K,S162A,E169D,K173R,Q174K,D177E,V179T,Y181C,G190A,T200N,I202V,Q207E,R211K,F214L,V245E,D250E	
OK624566.1 HIV-1 isolate UGA-INF-2017-CPH-0460 from Uganda pol protein (pol) and gag protein (gag) genes, partial cds	A1	1	252	103	K103N	E6K,K11T,K20R,V35T,T39R,V60I,E89EK,K103N,K122E,D123N,S162C,K173S,D177E,I178M,V179I,I202V,Q207A,R211S,V245Q	
OK624565.1 HIV-1 isolate UGA-INF-2017-CPH-0302 from Uganda pol protein (pol) and gag protein (gag) genes, partial cds	A1	1	252	103	K103N	V35T,K49KR,K103N,K122E,D123S,I142L,K173A,P176PS,I178L,V179I,T200A,Q207A,V245Q	
OK624564.1 HIV-1 isolate UGA-INF-2017-CPH-0338 from Uganda pol protein (pol) and gag protein (gag) genes, partial cds	A1	1	252			E6K,K11T,V35T,E36D,K49R,T107S,K122E,D123S,T139A,Q145M,K166Q,K173S,Q174K,D177E,V179I,Q207A,R211S,V245Q	
OK624563.1 HIV-1 isolate UGA-INF-2017-CPH-0359 from Uganda pol protein (pol) gene, partial cds; and nonfunctional gag protein (gag) gene, partial sequence	D	1	252			V35T,T39TA,K49R,V60I,D121Y,K122E,I135R,Q174L,D177E,T200I,Q207G,R211K,V245Q,D250E,W252X	The RT gene has a frameshift: 252del1bp.
OK624562.1 HIV-1 isolate UGA-INF-2017-CPH-0334 from Uganda pol protein (pol) and gag protein (gag) genes, partial cds	A1	1	252			E6N,V8I,V35T,T39A,E40D,I47L,V60I,V118I,K122E,D123S,I135T,T139A,T165I,K173LS,Q174K,D177E,V179T,Q207E,R211K,F214L,D250A	
OK624561.1 HIV-1 isolate UGA-INF-2017-CPH-0242 from Uganda pol protein (pol) and gag protein (gag) genes, partial cds	D	1	252	215	T215AS	V35T,K49R,V60I,K122KE,D123E,I135T,I142T,S162C,D177E,I178M,V189I,T200K,Q207E,R211K,T215AS,V245E,D250E	
OK624560.1 HIV-1 isolate UGA-INF-2017-CPH-0382 from Uganda pol protein (pol) and gag protein (gag) genes, partial cds	D	1	253	103,181	K103KN,Y181YC	V35T,E40D,V60I,K103KN,K122E,D123N,D177E,I178M,Y181YC,T200I,Q207G,R211K,V245K,D250E	
OK624559.1 HIV-1 isolate UGA-INF-2017-CPH-0396 from Uganda pol protein (pol) and gag protein (gag) genes, partial cds	A1	1	252			E6D,V35T,T39L,E44D,V60I,K122E,D123S,I135T,S162C,K173L,Q174K,D177E,V179T,T200A,Q207E,R211K,V245E,D250E	
OK624558.1 HIV-1 isolate UGA-INF-2017-CPH-0449 from Uganda pol protein (pol) and gag protein (gag) genes, partial cds	A1	1	252			K11T,V35T,T39M,T69TA,K122E,D123G,I135IT,S162CG,K173A,Q174K,D177E,I178M,T200A,I202IV,Q207A,R211S,V245Q	
OK624557.1 HIV-1 isolate UGA-INF-2017-CPH-0195 from Uganda pol protein (pol) and gag protein (gag) genes, partial cds	A1	1	252			K20R,V21VI,V35I,D121Y,K122E,I135T,S162A,K173AE,Q174K,D177E,V179I,T200A,Q207A,R211S,I244V,V245K,E248D,D250E	
OK624556.1 HIV-1 isolate UGA-INF-2017-CPH-0484 from Uganda pol protein (pol) and gag protein (gag) genes, partial cds	D	1	252	181	Y181C	V35T,V60I,D121Y,K122E,E169D,D177E,Y181C,T200I,Q207E,R211K,L228Q,V245E	
OK624555.1 HIV-1 isolate UGA-INF-2017-CPH-0366 from Uganda pol protein (pol) and gag protein (gag) genes, partial cds	D	1	252			P4H,K20R,V35T,T39A,E40D,K49R,V60I,T69N,K122A,I159V,T165I,D177E,T200I,I202V,Q207E,R211K,F214L,V245Q	
OK624554.1 HIV-1 isolate UGA-INF-2017-CPH-0409 from Uganda pol protein (pol) and gag protein (gag) genes, partial cds	A1	1	252	138,190	E138Q,G190A	V35T,T39A,V60I,K122E,E138Q,I142IM,S162A,K173S,Q174K,V179I,G190A,T200A,Q207E,R211K,F214L,V245E,E248D,D250E,S251H	
OK624553.1 HIV-1 isolate UGA-INF-2017-CPH-0480 from Uganda pol protein (pol) and gag protein (gag) genes, partial cds	D	1	252			V35T,E44ED,K49KQ,V60I,K122E,D123S,I135R,D177E,I178V,Q207E,R211K,V245K,D250E	
OK624552.1 HIV-1 isolate UGA-INF-2017-CPH-0400 from Uganda pol protein (pol) and gag protein (gag) genes, partial cds	D	1	252	181,219	Y181YC,K219KQ	V35T,E40D,K49R,V60I,K122E,D177E,Y181YC,T200I,Q207G,R211K,K219KQ,V245T,S251N	
OK624551.1 HIV-1 isolate UGA-INF-2017-CPH-0468 from Uganda pol protein (pol) and gag protein (gag) genes, partial cds	A1	1	252			E6K,K11Q,P25PS,E28A,V35T,K122E,D123N,K173S,D177E,V179I,I202V,Q207A,R211S,V245K	
OK624550.1 HIV-1 isolate UGA-INF-2017-CPH-0127 from Uganda pol protein (pol) and gag protein (gag) genes, partial cds	B	1	253	188,215	Y188YH,T215TA	V35T,T39M,V60I,K122E,D123S,D177E,Y188YH,T200R,Q207E,R211K,T215TA,V245K,E248D,S251H	
OK624549.1 HIV-1 isolate UGA-INF-2017-CPH-0384 from Uganda pol protein (pol) and gag protein (gag) genes, partial cds	B	1	252			K11A,K20R,V35K,T39S,K122E,D123N,I135T,K166R,I178V,T200I,Q207E,F214L,I244V,V245K,D250E,S251N	
OK624548.1 HIV-1 isolate UGA-INF-2017-CPH-0459 from Uganda pol protein (pol) and gag protein (gag) genes, partial cds	D	1	252	103,181	K103N,Y181C	I2IM,V35T,T39A,E40D,K49R,V60I,K66KN,V75VI,K103N,K122E,D123N,I142V,E169D,I178M,Y181C,T200A,Q207E,R211K,V245K,D250E	
OK624547.1 HIV-1 isolate UGA-INF-2017-CPH-0413 from Uganda pol protein (pol) and gag protein (gag) genes, partial cds	A1	1	252	65,181,184	K65R,Y181C,M184V	K11T,K20R,V35T,T39N,E40D,K65R,S68G,A98G,V111I,K122E,D123N,I135L,K173S,Q174K,D177E,V179D,Y181C,M184V,T200A,I202V,Q207A,R211S,K220E,G231A,D237DE,V245Q,E248D	
OK624546.1 HIV-1 isolate UGA-INF-2017-CPH-0155 from Uganda pol protein (pol) and gag protein (gag) genes, partial cds	A1	1	252	103,184	K103N,M184V	E6K,T7P,K11N,K20R,V21I,V35T,T39G,K49R,K103N,K122E,D123N,I135T,A158S,K166T,K173S,Q174K,D177E,I178V,V179S,M184V,I202V,Q207A,R211N,K238T,V245Q,E248D	
OK624545.1 HIV-1 isolate UGA-INF-2017-CPH-0385 from Uganda pol protein (pol) and gag protein (gag) genes, partial cds	A1	1	253	65,115,181,184,190	K65R,Y115F,Y181C,M184V,G190A	V35T,V60I,K65R,Y115F,K122E,D123S,I135T,K173S,Q174K,D177E,I178V,V179I,Y181C,M184V,G190A,T200A,Q207A,R211S,V245E,E248D,W252WR	
OK624544.1 HIV-1 isolate UGA-INF-2017-CPH-0448 from Uganda pol protein (pol) and gag protein (gag) genes, partial cds	A1	1	252			M16V,K22R,V35T,K122E,D123S,I135T,T165I,K173S,Q174K,D177E,I178L,V179I,T200I,I202V,Q207E,R211S	
OK624543.1 HIV-1 isolate UGA-INF-2017-CPH-0491 from Uganda pol protein (pol) and gag protein (gag) genes, partial cds	A1	1	258	103	K103N	K11T,V21I,V35T,T39S,V60I,K103N,D121H,K122Q,K173L,Q174K,D177E,I178V,V179I,T200A,I202V,Q207A,R211S,V245Q	
OK624542.1 HIV-1 isolate UGA-INF-2017-CPH-0476 from Uganda pol protein (pol) and gag protein (gag) genes, partial cds	A1	1	253			V35T,T39IM,E40D,K49R,I50IV,V60I,K64R,K122E,D123S,I135T,K173S,Q174K,T200A,Q207A,R211S,V245Q	
OK624541.1 HIV-1 isolate UGA-INF-2017-CPH-0489 from Uganda pol protein (pol) and gag protein (gag) genes, partial cds	A1	1	252	181	Y181I	K20KR,V35T,E36D,V60I,K102Q,D121Y,K122E,K173S,Q174E,D177E,V179I,Y181I,T200A,Q207A,R211S,V245K,D250E	
OK624540.1 HIV-1 isolate UGA-INF-2017-CPH-0383 from Uganda pol protein (pol) and gag protein (gag) genes, partial cds	D	1	253	67,70,184,190,219	D67N,K70R,M184V,G190A,K219Q	K20R,V35I,T39K,K43E,V60I,D67N,T69S,K70R,I135T,M184V,G190A,G196E,T200V,E203K,Q207E,R211K,K219Q,V245Q,D250E	
OK624539.1 HIV-1 isolate UGA-INF-2017-CPH-0427 from Uganda pol protein (pol) and gag protein (gag) genes, partial cds	A1	1	252	103	K103N	K11T,K20R,V21I,V35T,T39L,V60I,K103N,K122E,D123N,K173S,V179I,T200A,I202V,Q207AT,V245Q,E248D	
OK624538.1 HIV-1 isolate UGA-INF-2017-CPH-0369 from Uganda pol protein (pol) and gag protein (gag) genes, partial cds	A1	1	252	103,190	K103R,G190A	K20R,V35T,V60I,K103R,K122E,D123N,I135T,S162C,E169A,K173S,Q174K,V189I,G190A,T200A,Q207AT,R211K,P243T,V245Q	
OK624537.1 HIV-1 isolate UGA-INF-2017-CPH-0467 from Uganda pol protein (pol) and gag protein (gag) genes, partial cds	A1	1	252	103,188	K103N,Y188C	V21I,V35T,T39A,E40D,V60I,K103N,K173R,Q174K,V179T,Y188C,G196E,Q207A,R211S,V245Q,E248D	
OK624536.1 HIV-1 isolate UGA-INF-2017-CPH-0487 from Uganda pol protein (pol) and gag protein (gag) genes, partial cds	A1	1	253	103,138,184	K103N,E138EQ,M184MV	K11T,K20R,V21I,V35T,T39R,V60I,K103N,K122E,D123S,I135IT,E138EQ,K173S,Q174K,D177E,V179IN,M184MV,T200A,I202V,Q207A,R211S,V245Q,E248D	
OK624535.1 HIV-1 isolate UGA-INF-2017-CPH-0407 from Uganda pol protein (pol) and gag protein (gag) genes, partial cds	A1	1	258	184,188	M184I,Y188L	V35T,E40D,V60I,D121H,K122E,K173S,Q174K,D177E,V179T,M184I,Y188L,G196E,Q207A,R211S,V245Q	
OK624534.1 HIV-1 isolate UGA-INF-2017-CPH-0447 from Uganda pol protein (pol) and gag protein (gag) genes, partial cds	A1	1	253	106,138,190	V106M,E138A,G190A	V35T,V75I,K102Q,V106M,K122E,D123N,E138A,A158S,S162C,K173S,Q174K,V179I,G190A,T200A,Q207A,R211S,V245Q,D250E	
OK624533.1 HIV-1 isolate UGA-INF-2017-CPH-0415 from Uganda pol protein (pol) and gag protein (gag) genes, partial cds	A1	1	252			K11T,K20R,V35T,T39K,E40D,D123N,I142V,K173S,Q174K,V179I,V189M,I202V,Q207A,R211K,V245Q,E248D,D250E	
OK624532.1 HIV-1 isolate UGA-INF-2017-CPH-0426 from Uganda pol protein (pol) and gag protein (gag) genes, partial cds	A6	1	253			V35S,E44EK,K49R,V60I,R72RK,I135T,K173S,T200E,Q207A,R211RK,V245E,E248EV,D250DE	
OK624531.1 HIV-1 isolate UGA-INF-2017-CPH-0398 from Uganda pol protein (pol) and gag protein (gag) genes, partial cds	A1	1	253			V35I,V60I,I135T,I142V,S162H,K173S,Q174K,D177E,V179I,T200A,Q207D,P243T,V245E,D250E	
OK624530.1 HIV-1 isolate UGA-INF-2017-CPH-0397 from Uganda pol protein (pol) and gag protein (gag) genes, partial cds	A1	1	253			E6K,K11Q,V35T,T39A,E40D,K122E,D123G,K173S,Q174K,D177E,V179I,G196E,E204Q,Q207E,R211K,F214L,V245Q,D250E,S251N	
OK624529.1 HIV-1 isolate UGA-INF-2017-CPH-0115 from Uganda pol protein (pol) and gag protein (gag) genes, partial cds	A1	1	253	103	K103N	K20R,V21I,V35T,V60I,W88F,K103N,K122E,D123S,K166R,K173A,Q174R,D177E,I178L,V179I,Q197E,I202V,Q207A,R211K,V245Q,E248N,D250E	
OK624528.1 HIV-1 isolate UGA-INF-2017-CPH-0453 from Uganda pol protein (pol) and gag protein (gag) genes, partial cds	D	1	253	181	Y181C	V35I,T39A,V60I,D121Y,K122E,D123G,I142V,E169G,D177E,I178M,Y181C,T200I,Q207E,R211K,V245E,D250E	
OK624527.1 HIV-1 isolate UGA-INF-2017-CPH-0388 from Uganda pol protein (pol) and gag protein (gag) genes, partial cds	D	1	253	74,100,103,184,225	L74I,L100I,K103N,M184I,P225H	V35T,V60VI,L74I,V90I,L100I,K103N,D121H,K122E,D177E,I178M,M184I,T200M,Q207E,R211K,P225H,V245T,E248D	
OK624526.1 HIV-1 isolate UGA-INF-2017-CPH-0264 from Uganda pol protein (pol) and gag protein (gag) genes, partial cds	A1	1	253	103	K103N	E6K,K11T,K20R,V35T,T39R,K103N,K122E,D123G,K173S,D177E,V179I,I202V,Q207A,R211S,V245Q,E248N	
OK624525.1 HIV-1 isolate UGA-INF-2017-CPH-0284 from Uganda pol protein (pol) and gag protein (gag) genes, partial cds	D	1	252	103,138	K103N,E138Q	V35T,V60I,K103N,K122E,D123G,E138Q,R172K,Q197E,Q207E,R211K,V245T,D250E	
OK624524.1 HIV-1 isolate UGA-INF-2017-CPH-0346 from Uganda pol protein (pol) and gag protein (gag) genes, partial cds	A1	1	253	65,103,181	K65R,K103N,Y181C	V35T,V60I,K65R,V90I,K103N,K122E,D123S,S162N,K173S,Q174R,D177E,V179T,I180IT,Y181C,I202V,Q207A,R211S,V245Q,D250E,S251H	
OK624523.1 HIV-1 isolate UGA-INF-2017-CPH-0325 from Uganda pol protein (pol) and gag protein (gag) genes, partial cds	A1	1	252	70,103	K70E,K103N	V35T,K49R,V60I,K70E,K103N,D121Y,K122E,I135T,E169D,K173S,Q174K,D177E,V179I,T200A,Q207E,R211K,V245K,E248D,D250E	
OK624522.1 HIV-1 isolate UGA-INF-2017-CPH-0046 from Uganda pol protein (pol) and gag protein (gag) genes, partial cds	D	1	252	103,181,225	K103N,Y181C,P225H	P4Q,V8I,E29ED,V35IT,E40D,V60I,T69TN,V90VI,K103N,K122E,D123N,I135T,I142V,D177E,Y181C,T200A,R206RK,Q207E,R211K,P225H,V245E,D250E	
OK624521.1 HIV-1 isolate UGA-INF-2017-CPH-0222 from Uganda pol protein (pol) and gag protein (gag) genes, partial cds	D	1	253			P4T,V35T,T39A,E40D,V60I,K122E,D123NS,S162F,Q174K,D177E,I178M,T200I,Q207E,R211K,V245Q,E248N	
OK624520.1 HIV-1 isolate UGA-INF-2017-CPH-0201 from Uganda pol protein (pol) and gag protein (gag) genes, partial cds	A1	1	258	103	K103N	K20R,V21I,V35T,K43R,K103N,K122E,I142T,A158S,E169D,K173A,Q174K,D177E,I178L,V179I,T200E,Q207E,V245Q,D250E,S251D	
OK624519.1 HIV-1 isolate UGA-INF-2017-CPH-0300 from Uganda pol protein (pol) and gag protein (gag) genes, partial cds	A1	1	252			K20R,V35T,V60I,K122KE,D123N,I135T,I142T,K173A,Q174K,D177E,V179I,Q207A,R211S,V245E,E248D,D250E	
OK624518.1 HIV-1 isolate UGA-INF-2017-CPH-0275 from Uganda pol protein (pol) and gag protein (gag) genes, partial cds	A1	1	252	101,190	K101Q,G190A	E6D,V35T,T39A,E40D,K49R,V75VL,K101Q,K122Q,E169D,K173A,Q174K,D177E,I178L,V179I,G190A,Q197E,T200A,R211G,F214L,V245Q	
OK624517.1 HIV-1 isolate UGA-INF-2017-CPH-0121 from Uganda pol protein (pol) and gag protein (gag) genes, partial cds	B	1	252			V35T,V60I,S105A,K122E,Q174E,V179I,T200A,Q207E,R211K,V245T,E248D,K249N,D250E	
OK624516.1 HIV-1 isolate UGA-INF-2017-CPH-0100 from Uganda pol protein (pol) and gag protein (gag) genes, partial cds	D	1	253	103	K103N	K20R,V35I,T39S,V60I,K103N,D121Y,K122E,I135L,D177E,I178M,G196K,T200I,Q207E,R211K,V245K,D250E	
OK624515.1 HIV-1 isolate UGA-INF-2017-CPH-0085 from Uganda pol protein (pol) and gag protein (gag) genes, partial cds	D	1	253	101,184,190	K101E,M184V,G190A	E6K,V21I,V35T,T39L,V60I,K101E,K122E,D123N,R172K,D177E,I178M,M184V,G190A,E194D,Q207E,V245K,D250E	
OK624514.1 HIV-1 isolate UGA-INF-2017-CPH-0170 from Uganda pol protein (pol) and gag protein (gag) genes, partial cds	A1	1	252	181	Y181C	K11N,V35T,E40D,V60I,K122E,D123N,D177E,I178M,Y181C,T200A,Q207A,R211K,V245K,E248D,D250E	
OK624513.1 HIV-1 isolate UGA-INF-2017-CPH-0082 from Uganda pol protein (pol) and gag protein (gag) genes, partial cds	C + D	1	258			V35T,S48T,V60I,K122E,K166R,D177E,I178M,T200A,Q207A,R211K,V245Q,D250E,D256DN	
OK624512.1 HIV-1 isolate UGA-INF-2017-CPH-0063 from Uganda pol protein (pol) and gag protein (gag) genes, partial cds	A1	1	252			K11T,M16V,V21I,V35T,T39A,V60I,D121Y,K122E,K173S,D177E,V179I,T200A,Q207A,V245E,D250E	
OK624511.1 HIV-1 isolate UGA-INF-2017-CPH-0120 from Uganda pol protein (pol) and gag protein (gag) genes, partial cds	A1	1	253			E6D,K11T,V35T,S48T,D121H,K122E,D123S,K173A,Q174K,D177E,V179I,D192DA,T200A,Q207A,R211S,F214L,V245Q,E248N	
OK624510.1 HIV-1 isolate UGA-INF-2017-CPH-0259 from Uganda pol protein (pol) gene, partial cds; and nonfunctional gag protein (gag) gene, partial sequence	D	1	253	103	K103N	V35T,E40D,K49R,V60I,K103N,D121H,K122E,D123E,I135T,T165I,D177E,I178M,T200I,Q207E,R211K,I244V,V245T,D250E	
OK624509.1 HIV-1 isolate UGA-INF-2017-CPH-0158 from Uganda pol protein (pol) and gag protein (gag) genes, partial cds	A1	1	252			V35T,T39M,K49R,K122E,D123E,D177E,I178M,T200A,Q207E,R211K,K238KR,V245K,D250E	
OK624508.1 HIV-1 isolate UGA-INF-2017-CPH-0077 from Uganda pol protein (pol) and gag protein (gag) genes, partial cds	A1	1	253	103,138	K103N,E138A	V35T,T39L,S48E,V60I,K103N,K122E,D123N,I135T,E138A,K173I,Q174K,V179I,I202V,Q207A,R211S,F214L,V245I,E248N,D250E	
OK624507.1 HIV-1 isolate UGA-INF-2017-CPH-0283 from Uganda pol protein (pol) and gag protein (gag) genes, partial cds	A1	1	252			E6D,K11Q,K20R,V35T,K49R,V60I,K122E,D123N,I135T,A158C,S162C,K173A,Q174K,D177E,T200A,Q207A,D250E,S251N	
OK624506.1 HIV-1 isolate UGA-INF-2017-CPH-0142 from Uganda pol protein (pol) and gag protein (gag) genes, partial cds	D	1	259	181	Y181C	V8I,V35T,T39R,V60I,D121Y,K122E,I135T,I142V,P170S,Y181C,Q207E,R211K,V245K,E248D,D250E	
OK624505.1 HIV-1 isolate UGA-INF-2017-CPH-0207 from Uganda pol protein (pol) and gag protein (gag) genes, partial cds	D	1	253	103,108,227	K103N,V108VI,F227L	E6EK,V35T,T39K,K49KR,D86DE,V90I,K103N,V108VI,E169EK,D177E,T200I,I202V,Q207E,R211K,F227L,V245E,D250E	
OK624504.1 HIV-1 isolate UGA-INF-2017-CPH-0101 from Uganda pol protein (pol) and gag protein (gag) genes, partial cds	A1	1	253	138	E138A	V21I,V35I,T39A,V60I,D121H,K122E,I135T,E138A,I142V,K173A,Q174K,D177E,T200A,Q207A,R211S,H235HQ,D250E,S251H	
OK624503.1 HIV-1 isolate UGA-INF-2017-CPH-0045 from Uganda pol protein (pol) and gag protein (gag) genes, partial cds	C	1	252	188,190	Y188YH,G190A	P4S,T27S,V35T,E36A,T39E,S48T,K122E,D123S,K166R,K173A,D177E,Y188YH,G190A,T200A,Q207D,R211K,V245Q,E248D	
OK624502.1 HIV-1 isolate UGA-INF-2017-CPH-0052 from Uganda pol protein (pol) and gag protein (gag) genes, partial cds	A1	1	252			K20R,V35T,T69TS,K122V,D123N,S162A,K173S,Q174K,P176PQ,D177E,T200A,I202V,Q207A,R211S,F214L,V245Q,E248D	
OK624501.1 HIV-1 isolate UGA-INF-2017-CPH-0111 from Uganda pol protein (pol) and gag protein (gag) genes, partial cds	D	1	258			I5V,V35T,T39M,V60I,D121Y,K122E,I135T,D177E,I178M,V179I,G196E,T200I,Q207E,R211K,V245Q,D250E	
